Name,description,timestamp,begin,end,altitudeMode,tessellate,extrude,visibility,drawOrder,icon,PLR_ID,PLR_NAME,BEZ,STAND,GROESSE_M2
,,,,,,"-1","0","-1",,,"11501341",Karlshorst Süd,"11",01.01.2021,2294021.723
,,,,,,"-1","0","-1",,,"07601340",Tirschenreuther Ring Ost,"07",01.01.2021,413969.326
,,,,,,"-1","0","-1",,,"02500831",Wismarplatz,"02",01.01.2021,248988.291
,,,,,,"-1","0","-1",,,"12601134",Märkisches Zentrum,"12",01.01.2021,1127855.841
,,,,,,"-1","0","-1",,,"07601547",Horstwalder Straße,"07",01.01.2021,941433.954
,,,,,,"-1","0","-1",,,"08301036",Gropiusstadt Mitte,"08",01.01.2021,695018.485
,,,,,,"-1","0","-1",,,"05200421",Spandauer Straße,"05",01.01.2021,720067.571
,,,,,,"-1","0","-1",,,"05200418",Isenburger Weg,"05",01.01.2021,1284627.903
,,,,,,"-1","0","-1",,,"11501238",Rummelsburg,"11",01.01.2021,2401515.387
,,,,,,"-1","0","-1",,,"07200412",Schöneberger Linse,"07",01.01.2021,231294.249
,,,,,,"-1","0","-1",,,"07100103",Frobenstraße,"07",01.01.2021,342043.539
,,,,,,"-1","0","-1",,,"03400618",Rosenthal,"03",01.01.2021,1798385.975
,,,,,,"-1","0","-1",,,"10200526",Boulevard Kastanienallee,"10",01.01.2021,526608.425
,,,,,,"-1","0","-1",,,"07300516",Odenwaldstraße,"07",01.01.2021,458716.636
,,,,,,"-1","0","-1",,,"10100205",Gewerbegebiet Bitterfelder Straße,"10",01.01.2021,3601314.587
,,,,,,"-1","0","-1",,,"02300315",Lausitzer Platz,"02",01.01.2021,350907.658
,,,,,,"-1","0","-1",,,"07601548",Wittelsbacherstraße,"07",01.01.2021,968261.882
,,,,,,"-1","0","-1",,,"10100314",Auersbergstraße,"10",01.01.2021,470905.654
,,,,,,"-1","0","-1",,,"07601443",Töpchiner Weg,"07",01.01.2021,1986689.085
,,,,,,"-1","0","-1",,,"03601245",Ostseestraße,"03",01.01.2021,966047.252
,,,,,,"-1","0","-1",,,"02500832",Traveplatz,"02",01.01.2021,369567.495
,,,,,,"-1","0","-1",,,"10200630",Cecilienplatz,"10",01.01.2021,377288.218
,,,,,,"-1","0","-1",,,"02100104",Moritzplatz,"02",01.01.2021,380547.712
,,,,,,"-1","0","-1",,,"03701554",Teutoburger Platz,"03",01.01.2021,548486.697
,,,,,,"-1","0","-1",,,"03500933",Weißer See,"03",01.01.2021,1055229.992
,,,,,,"-1","0","-1",,,"07100204",Barbarossaplatz,"07",01.01.2021,515151.482
,,,,,,"-1","0","-1",,,"05200420",Staakener Straße,"05",01.01.2021,2627506.883
,,,,,,"-1","0","-1",,,"08100312",Weichselplatz,"08",01.01.2021,515944.623
,,,,,,"-1","0","-1",,,"10100103",Wittenberger Straße,"10",01.01.2021,686657.51
,,,,,,"-1","0","-1",,,"03601451",Anton-Saefkow-Park,"03",01.01.2021,546889.645
,,,,,,"-1","0","-1",,,"06400736",Düppel,"06",01.01.2021,3130515.711
,,,,,,"-1","0","-1",,,"01400937",Afrikanische Straße,"01",01.01.2021,3674225.411
,,,,,,"-1","0","-1",,,"07601339",Tirschenreuther Ring West,"07",01.01.2021,453765.631
,,,,,,"-1","0","-1",,,"06300632",Schweizer Viertel,"06",01.01.2021,3085882.409
,,,,,,"-1","0","-1",,,"07601545",Nahariyastraße,"07",01.01.2021,900458.165
,,,,,,"-1","0","-1",,,"05100103",Mertensstraße,"05",01.01.2021,719119.684
,,,,,,"-1","0","-1",,,"08100314",Donaustraße,"08",01.01.2021,255918.243
,,,,,,"-1","0","-1",,,"05200526",Rudolf-Wissell-Großsiedlung,"05",01.01.2021,379178.642
,,,,,,"-1","0","-1",,,"04500938",Hochmeisterplatz,"04",01.01.2021,517757.943
,,,,,,"-1","0","-1",,,"07400826",Marienhöhe,"07",01.01.2021,1169632.724
,,,,,,"-1","0","-1",,,"09501939",Bahnhofstraße,"09",01.01.2021,1142557.213
,,,,,,"-1","0","-1",,,"06100208",Bergstraße,"06",01.01.2021,620619.175
,,,,,,"-1","0","-1",,,"03200206",Pastor-Niemöller-Platz,"03",01.01.2021,1104544.755
,,,,,,"-1","0","-1",,,"03601452",Velodrom,"03",01.01.2021,552164.165
,,,,,,"-1","0","-1",,,"11200513",Große-Leege-Straße,"11",01.01.2021,688243.681
,,,,,,"-1","0","-1",,,"05100104",Maselake,"05",01.01.2021,559348.325
,,,,,,"-1","0","-1",,,"12601235",Dannenwalder Weg,"12",01.01.2021,523435.195
,,,,,,"-1","0","-1",,,"03400725",Schlosspark,"03",01.01.2021,1259152.298
,,,,,,"-1","0","-1",,,"04300416",Amtsgerichtsplatz,"04",01.01.2021,580690.467
,,,,,,"-1","0","-1",,,"04501148",Brabanter Platz,"04",01.01.2021,420097.518
,,,,,,"-1","0","-1",,,"08401244",Waßmannsdorfer Chaussee,"08",01.01.2021,2776814.494
,,,,,,"-1","0","-1",,,"09301024",Falkenberg,"09",01.01.2021,1148564.176
,,,,,,"-1","0","-1",,,"06400843",Thielallee,"06",01.01.2021,2111239.52
,,,,,,"-1","0","-1",,,"12200412",Waldidyll/Flughafensee,"12",01.01.2021,5947881.881
,,,,,,"-1","0","-1",,,"12200515",Alt-Tegel,"12",01.01.2021,2392477.977
,,,,,,"-1","0","-1",,,"07501135",Birnhornweg,"07",01.01.2021,555575.417
,,,,,,"-1","0","-1",,,"01100103",Lützowstraße,"01",01.01.2021,522279.456
,,,,,,"-1","0","-1",,,"08200725",Mohriner Allee Nord,"08",01.01.2021,1629928.914
,,,,,,"-1","0","-1",,,"03701658",Christburger Straße,"03",01.01.2021,232827.898
,,,,,,"-1","0","-1",,,"05100312",Eckschanze,"05",01.01.2021,332709.609
,,,,,,"-1","0","-1",,,"03601449",Michelangelostraße,"03",01.01.2021,858322.778
,,,,,,"-1","0","-1",,,"04501151",Hildegardstraße,"04",01.01.2021,323678.704
,,,,,,"-1","0","-1",,,"11400928",Nöldnerplatz,"11",01.01.2021,584236.747
,,,,,,"-1","0","-1",,,"12200411",Schumacher-Quartier,"12",01.01.2021,670383.746
,,,,,,"-1","0","-1",,,"05300840",Nonnendammallee,"05",01.01.2021,3274832.767
,,,,,,"-1","0","-1",,,"01300835",Humboldthain Süd,"01",01.01.2021,1103870.067
,,,,,,"-1","0","-1",,,"01401044",Uferstraße,"01",01.01.2021,491567.116
,,,,,,"-1","0","-1",,,"04300621",Richard-Wagner-Straße,"04",01.01.2021,550733.771
,,,,,,"-1","0","-1",,,"04300620",Spreestadt,"04",01.01.2021,715515.505
,,,,,,"-1","0","-1",,,"01200520",Bremer Straße,"01",01.01.2021,429956.469
,,,,,,"-1","0","-1",,,"12500929",Lübars,"12",01.01.2021,5011409.636
,,,,,,"-1","0","-1",,,"08200831",Buckow West,"08",01.01.2021,1457762.154
,,,,,,"-1","0","-1",,,"09200818",Spindlersfeld,"09",01.01.2021,571610.581
,,,,,,"-1","0","-1",,,"06300528",Teltower Damm,"06",01.01.2021,3119460.994
,,,,,,"-1","0","-1",,,"10100102",Rosenbecker Straße,"10",01.01.2021,327912.668
,,,,,,"-1","0","-1",,,"06300631",Goerzwerke,"06",01.01.2021,1783623.157
,,,,,,"-1","0","-1",,,"04300622",Ernst-Reuter-Platz,"04",01.01.2021,959925.982
,,,,,,"-1","0","-1",,,"01401046",Nordufer,"01",01.01.2021,325057.192
,,,,,,"-1","0","-1",,,"11100102",Dorf Falkenberg,"11",01.01.2021,3056834.492
,,,,,,"-1","0","-1",,,"03300516",Heinersdorf,"03",01.01.2021,3906794.569
,,,,,,"-1","0","-1",,,"05200527",Maulbeerallee,"05",01.01.2021,1311825.745
,,,,,,"-1","0","-1",,,"06100209",Feuerbachstraße,"06",01.01.2021,633835.16
,,,,,,"-1","0","-1",,,"11100205",Wartenberg Süd,"11",01.01.2021,455958.935
,,,,,,"-1","0","-1",,,"12601133",Treuenbrietzener Straße,"12",01.01.2021,918330.963
,,,,,,"-1","0","-1",,,"10200423",Böhlener Straße,"10",01.01.2021,920800.163
,,,,,,"-1","0","-1",,,"04501044",Ludwigkirchplatz,"04",01.01.2021,314917.324
,,,,,,"-1","0","-1",,,"06400840",Fischtal,"06",01.01.2021,1385393.678
,,,,,,"-1","0","-1",,,"04200311",Königin-Elisabeth-Straße,"04",01.01.2021,1555799.524
,,,,,,"-1","0","-1",,,"12100102",Hausotterplatz,"12",01.01.2021,809947.517
,,,,,,"-1","0","-1",,,"10400836",Alt-Kaulsdorf,"10",01.01.2021,1349164.897
,,,,,,"-1","0","-1",,,"05200419",Am Heideberg,"05",01.01.2021,422278.199
,,,,,,"-1","0","-1",,,"06100101",Fichtenberg,"06",01.01.2021,989969.522
,,,,,,"-1","0","-1",,,"05200630",Wilhelmstadt West,"05",01.01.2021,909110.427
,,,,,,"-1","0","-1",,,"07400825",Friedrich-Karl-Straße,"07",01.01.2021,418519.804
,,,,,,"-1","0","-1",,,"10200525",Schleipfuhl,"10",01.01.2021,475941.269
,,,,,,"-1","0","-1",,,"11300725",Nibelungenviertel,"11",01.01.2021,683420.436
,,,,,,"-1","0","-1",,,"11100307",Zingster Straße Ost,"11",01.01.2021,730342.961
,,,,,,"-1","0","-1",,,"12200308",Mellerbogen,"12",01.01.2021,527624.818
,,,,,,"-1","0","-1",,,"06200421",Königsberger Straße,"06",01.01.2021,2035750.444
,,,,,,"-1","0","-1",,,"01400938",Kameruner Straße,"01",01.01.2021,1196145.083
,,,,,,"-1","0","-1",,,"03500934",Weißenseer Spitze,"03",01.01.2021,627288.067
,,,,,,"-1","0","-1",,,"06400735",Wannsee,"06",01.01.2021,23734915.62
,,,,,,"-1","0","-1",,,"09200717",Dörpfeldstraße Ost,"09",01.01.2021,2545920.748
,,,,,,"-1","0","-1",,,"06400844",Dahlem,"06",01.01.2021,3308713.464
,,,,,,"-1","0","-1",,,"06300634",Lichterfelde West,"06",01.01.2021,1584125.667
,,,,,,"-1","0","-1",,,"02500726",Hausburgviertel,"02",01.01.2021,309446.042
,,,,,,"-1","0","-1",,,"12601032",Rollbergesiedlung,"12",01.01.2021,501318.326
,,,,,,"-1","0","-1",,,"05100315",Ackerstraße,"05",01.01.2021,489147.655
,,,,,,"-1","0","-1",,,"12400722",Hermsdorf West,"12",01.01.2021,3158178.624
,,,,,,"-1","0","-1",,,"08300934",Gropiusstadt Nord-West,"08",01.01.2021,847613.011
,,,,,,"-1","0","-1",,,"05100208",Im Spektefeld,"05",01.01.2021,1765403.951
,,,,,,"-1","0","-1",,,"05100207",An der Tränke,"05",01.01.2021,592567.445
,,,,,,"-1","0","-1",,,"02500835",Stralauer Kiez,"02",01.01.2021,1355160.809
,,,,,,"-1","0","-1",,,"05200528",Weinmeisterhornweg,"05",01.01.2021,2738260.541
,,,,,,"-1","0","-1",,,"04400832",Breite Straße,"04",01.01.2021,667156.415
,,,,,,"-1","0","-1",,,"12400619",Heiligensee,"12",01.01.2021,17920879.74
,,,,,,"-1","0","-1",,,"01401047",Sparrplatz,"01",01.01.2021,309196.444
,,,,,,"-1","0","-1",,,"11200512",Orankesee,"11",01.01.2021,1936946.851
,,,,,,"-1","0","-1",,,"03601243",Rodenbergstraße,"03",01.01.2021,329695.603
,,,,,,"-1","0","-1",,,"10400835",Kaulsdorf Nord,"10",01.01.2021,2552486.331
,,,,,,"-1","0","-1",,,"05100313",Eiswerder,"05",01.01.2021,1665431.865
,,,,,,"-1","0","-1",,,"09301228",Schmöckwitz/Rauchfangswerder,"09",01.01.2021,14762928.79
,,,,,,"-1","0","-1",,,"09300921",Preußen Siedlung,"09",01.01.2021,1462066.002
,,,,,,"-1","0","-1",,,"10100316",Landsberger Tor,"10",01.01.2021,1608741.423
,,,,,,"-1","0","-1",,,"11401032",Rosenfelder Ring,"11",01.01.2021,567616.948
,,,,,,"-1","0","-1",,,"05100317",Freiheit,"05",01.01.2021,2278703.952
,,,,,,"-1","0","-1",,,"06200315",Gallwitzallee,"06",01.01.2021,1175516.56
,,,,,,"-1","0","-1",,,"04400833",Schlangenbader Straße,"04",01.01.2021,353209.3
,,,,,,"-1","0","-1",,,"09501838",Rahnsdorf,"09",01.01.2021,21450568.86
,,,,,,"-1","0","-1",,,"03601244",Humannplatz,"03",01.01.2021,364157.931
,,,,,,"-1","0","-1",,,"12400720",Frohnau West,"12",01.01.2021,2749772.919
,,,,,,"-1","0","-1",,,"11501340",Karlshorst Nord,"11",01.01.2021,3297882.93
,,,,,,"-1","0","-1",,,"07200414",Hohenfriedbergstraße,"07",01.01.2021,263433.439
,,,,,,"-1","0","-1",,,"07200410",Feurigstraße,"07",01.01.2021,250440.158
,,,,,,"-1","0","-1",,,"09301126",Grünau,"09",01.01.2021,9172773.623
,,,,,,"-1","0","-1",,,"04501152",Prager Platz,"04",01.01.2021,349862.501
,,,,,,"-1","0","-1",,,"09401329",Kietzer Feld/Nachtheide,"09",01.01.2021,17024906.11
,,,,,,"-1","0","-1",,,"01100312",Heine-Viertel West,"01",01.01.2021,643611.114
,,,,,,"-1","0","-1",,,"01200522",Elberfelder Straße,"01",01.01.2021,639455.329
,,,,,,"-1","0","-1",,,"03200207",Herthaplatz,"03",01.01.2021,3080810.743
,,,,,,"-1","0","-1",,,"05200629",Borkumer Straße,"05",01.01.2021,1325562.762
,,,,,,"-1","0","-1",,,"07601237",Kirchstraße,"07",01.01.2021,1235685.18
,,,,,,"-1","0","-1",,,"03601139",Norweger Viertel,"03",01.01.2021,454220.488
,,,,,,"-1","0","-1",,,"11100309",Mühlengrund,"11",01.01.2021,706043.781
,,,,,,"-1","0","-1",,,"08100416",Alt-Rixdorf,"08",01.01.2021,334331.154
,,,,,,"-1","0","-1",,,"11200410",Malchower Weg,"11",01.01.2021,2232954.788
,,,,,,"-1","0","-1",,,"03300517",Märchenland,"03",01.01.2021,5824513.255
,,,,,,"-1","0","-1",,,"03100101",Bucher Forst,"03",01.01.2021,18377139.16
,,,,,,"-1","0","-1",,,"07200308",Volkspark (Rudolph-Wilde-Park),"07",01.01.2021,626736.619
,,,,,,"-1","0","-1",,,"08200833",Buckow Ost,"08",01.01.2021,1106975.388
,,,,,,"-1","0","-1",,,"07400823",Wittekindstraße,"07",01.01.2021,805339.77
,,,,,,"-1","0","-1",,,"07501134",Hundsteinweg,"07",01.01.2021,2253576.277
,,,,,,"-1","0","-1",,,"09401433",Allende II,"09",01.01.2021,1991483.596
,,,,,,"-1","0","-1",,,"10400837",Kaulsdorf Süd,"10",01.01.2021,4869630.053
,,,,,,"-1","0","-1",,,"05100101",Hakenfelde Nord,"05",01.01.2021,16168772.69
,,,,,,"-1","0","-1",,,"08401139",Vogelviertel Süd,"08",01.01.2021,826760.904
,,,,,,"-1","0","-1",,,"03400829",Arnold-Zweig-Straße,"03",01.01.2021,400602.607
,,,,,,"-1","0","-1",,,"04200310",Fürstenplatz,"04",01.01.2021,931601.723
,,,,,,"-1","0","-1",,,"11400929",Weitlingkiez,"11",01.01.2021,842257.177
,,,,,,"-1","0","-1",,,"10200629",Teterower Ring,"10",01.01.2021,999271.16
,,,,,,"-1","0","-1",,,"12100204",Schäfersee,"12",01.01.2021,1115696.482
,,,,,,"-1","0","-1",,,"05100211",An der Kappe,"05",01.01.2021,1402781.386
,,,,,,"-1","0","-1",,,"06200314",Kaiser-Wilhelm-Straße,"06",01.01.2021,733778.237
,,,,,,"-1","0","-1",,,"04200203",Olympiagelände,"04",01.01.2021,3264399.304
,,,,,,"-1","0","-1",,,"09401534",Altstadt Köpenick,"09",01.01.2021,796813.695
,,,,,,"-1","0","-1",,,"07200409",Belziger Straße,"07",01.01.2021,530585.274
,,,,,,"-1","0","-1",,,"05400943",Jägerallee,"05",01.01.2021,7331950.637
,,,,,,"-1","0","-1",,,"04200206",Kranzallee,"04",01.01.2021,1485544.478
,,,,,,"-1","0","-1",,,"10100209",Lea-Grundig-Straße,"10",01.01.2021,678233.409
,,,,,,"-1","0","-1",,,"04300518",Kaiserin-Augusta-Allee,"04",01.01.2021,1376628.447
,,,,,,"-1","0","-1",,,"11200411",Hauptstraße,"11",01.01.2021,2521336.77
,,,,,,"-1","0","-1",,,"01300732",Soldiner Straße,"01",01.01.2021,588074.499
,,,,,,"-1","0","-1",,,"07501030",Machonstraße,"07",01.01.2021,597111.725
,,,,,,"-1","0","-1",,,"04400830",Forckenbeckstraße,"04",01.01.2021,1494597.349
,,,,,,"-1","0","-1",,,"01200521",Zwinglistraße,"01",01.01.2021,166605.497
,,,,,,"-1","0","-1",,,"10200422",Hellersdorfer Promenade,"10",01.01.2021,451809.839
,,,,,,"-1","0","-1",,,"10400938",Mahlsdorf Nord,"10",01.01.2021,4221795.938
,,,,,,"-1","0","-1",,,"08100209",Glasower Straße,"08",01.01.2021,589231.716
,,,,,,"-1","0","-1",,,"03300412",Karow Bahnhof,"03",01.01.2021,3078323.869
,,,,,,"-1","0","-1",,,"03501038",Hansastraße,"03",01.01.2021,1964376.981
,,,,,,"-1","0","-1",,,"01100207",Leipziger Straße,"01",01.01.2021,763637.109
,,,,,,"-1","0","-1",,,"08100415",Ganghoferstraße,"08",01.01.2021,255372.799
,,,,,,"-1","0","-1",,,"03200308",Nisbléstraße,"03",01.01.2021,1134312.492
,,,,,,"-1","0","-1",,,"01401049",Schulstraße,"01",01.01.2021,404127.565
,,,,,,"-1","0","-1",,,"04400727",Flinsberger Platz,"04",01.01.2021,914954.621
,,,,,,"-1","0","-1",,,"10100315",Bärenstein,"10",01.01.2021,646662.812
,,,,,,"-1","0","-1",,,"01100104",Körnerstraße,"01",01.01.2021,338448.206
,,,,,,"-1","0","-1",,,"04200308",Branitzer Platz,"04",01.01.2021,2755118.531
,,,,,,"-1","0","-1",,,"12400723",Hermsdorf Ost/Waldsee,"12",01.01.2021,2900145.924
,,,,,,"-1","0","-1",,,"06100210",Bismarckstraße,"06",01.01.2021,235553.321
,,,,,,"-1","0","-1",,,"06400838",Krumme Lanke,"06",01.01.2021,6419213.143
,,,,,,"-1","0","-1",,,"07601442",Kettinger Straße,"07",01.01.2021,2348208.895
,,,,,,"-1","0","-1",,,"03601348",Senefelderstraße,"03",01.01.2021,219922.187
,,,,,,"-1","0","-1",,,"08100104",Wartheplatz,"08",01.01.2021,551184.763
,,,,,,"-1","0","-1",,,"03601450",Volkspark Prenzlauer Berg,"03",01.01.2021,1212024.847
,,,,,,"-1","0","-1",,,"08401242",Zittauer Straße,"08",01.01.2021,1922467.513
,,,,,,"-1","0","-1",,,"09100407",Johannisthal West,"09",01.01.2021,3247194.597
,,,,,,"-1","0","-1",,,"10100101",Marzahn West,"10",01.01.2021,695705.423
,,,,,,"-1","0","-1",,,"03300411",Karow Nord,"03",01.01.2021,1667533.255
,,,,,,"-1","0","-1",,,"01401045",Schwedenstraße,"01",01.01.2021,267815.116
,,,,,,"-1","0","-1",,,"07400720",Gontermannstraße,"07",01.01.2021,1184451.286
,,,,,,"-1","0","-1",,,"05200631",Wilhelmstadt Ost,"05",01.01.2021,542130.664
,,,,,,"-1","0","-1",,,"04100102",Paul-Hertz-Siedlung,"04",01.01.2021,537861.96
,,,,,,"-1","0","-1",,,"12500926",Wittenau Süd,"12",01.01.2021,947518.401
,,,,,,"-1","0","-1",,,"10200417",Zossener Straße,"10",01.01.2021,450569.895
,,,,,,"-1","0","-1",,,"03400722",Parkstraße,"03",01.01.2021,509691.612
,,,,,,"-1","0","-1",,,"11300721",Herzbergstraße,"11",01.01.2021,3863010.076
,,,,,,"-1","0","-1",,,"11200514",Landsberger Allee,"11",01.01.2021,940051.993
,,,,,,"-1","0","-1",,,"01400942",Westliche Müllerstraße,"01",01.01.2021,531507.23
,,,,,,"-1","0","-1",,,"05200525",Pillnitzer Weg,"05",01.01.2021,1475113.049
,,,,,,"-1","0","-1",,,"08401140",Vogelviertel Nord,"08",01.01.2021,440889.762
,,,,,,"-1","0","-1",,,"09501941",Friedrichshagener Straße,"09",01.01.2021,1045838.719
,,,,,,"-1","0","-1",,,"07601546",Franziusweg,"07",01.01.2021,1774343.845
,,,,,,"-1","0","-1",,,"02300316",Köpenicker Straße,"02",01.01.2021,471422.054
,,,,,,"-1","0","-1",,,"10300734",Biesdorf Süd,"10",01.01.2021,5205206.423
,,,,,,"-1","0","-1",,,"07100206",Großgörschenstraße,"07",01.01.2021,534755.476
,,,,,,"-1","0","-1",,,"01200518",Beusselkiez,"01",01.01.2021,236849.437
,,,,,,"-1","0","-1",,,"12200414",TXL,"12",01.01.2021,5987642.938
,,,,,,"-1","0","-1",,,"04400831",Messelpark,"04",01.01.2021,544703.358
,,,,,,"-1","0","-1",,,"06300526",Zehlendorf Mitte,"06",01.01.2021,905343.286
,,,,,,"-1","0","-1",,,"09200819",Köllnische Vorstadt,"09",01.01.2021,1551715.709
,,,,,,"-1","0","-1",,,"04501150",Wilhelmsaue,"04",01.01.2021,294733.282
,,,,,,"-1","0","-1",,,"06100206",Stadtpark,"06",01.01.2021,710869.319
,,,,,,"-1","0","-1",,,"08100311",Reuterplatz,"08",01.01.2021,259579.578
,,,,,,"-1","0","-1",,,"10100210",Marzahner Promenade,"10",01.01.2021,882937.952
,,,,,,"-1","0","-1",,,"09501736",Hirschgarten,"09",01.01.2021,2873068.172
,,,,,,"-1","0","-1",,,"10100312",Springpfuhl,"10",01.01.2021,1210405.984
,,,,,,"-1","0","-1",,,"12100205",Teichstraße,"12",01.01.2021,3374860.211
,,,,,,"-1","0","-1",,,"01100102",Großer Tiergarten,"01",01.01.2021,3943375.966
,,,,,,"-1","0","-1",,,"02200210",Urbanstraße,"02",01.01.2021,916800.234
,,,,,,"-1","0","-1",,,"03701556",Kollwitzplatz,"03",01.01.2021,507067.779
,,,,,,"-1","0","-1",,,"05300736",Zitadellenweg,"05",01.01.2021,2618966.462
,,,,,,"-1","0","-1",,,"06200419",Thermometersiedlung,"06",01.01.2021,321216.339
,,,,,,"-1","0","-1",,,"02400625",Wriezener Bahnhof,"02",01.01.2021,864393.136
,,,,,,"-1","0","-1",,,"06300630",Hindenburgdamm,"06",01.01.2021,744828.036
,,,,,,"-1","0","-1",,,"11300617",Fennpfuhlpark,"11",01.01.2021,474765.281
,,,,,,"-1","0","-1",,,"07501029",Ringstraße,"07",01.01.2021,1441973.878
,,,,,,"-1","0","-1",,,"09100101",Alt-Treptow,"09",01.01.2021,2314160.878
,,,,,,"-1","0","-1",,,"04300623",Karl-August-Platz,"04",01.01.2021,582728.606
,,,,,,"-1","0","-1",,,"05300737",Gartenfelder Straße,"05",01.01.2021,1041737.87
,,,,,,"-1","0","-1",,,"06300524",Berlepschstraße,"06",01.01.2021,1745589.171
,,,,,,"-1","0","-1",,,"01200623",Stephankiez,"01",01.01.2021,896475.72
,,,,,,"-1","0","-1",,,"05200632",Tiefwerder,"05",01.01.2021,1564990.535
,,,,,,"-1","0","-1",,,"04400835",Rüdesheimer Platz,"04",01.01.2021,600207.947
,,,,,,"-1","0","-1",,,"10200627",Am Kienberg,"10",01.01.2021,533187.712
,,,,,,"-1","0","-1",,,"02300418",Reichenberger Straße Ost,"02",01.01.2021,599764.15
,,,,,,"-1","0","-1",,,"02500728",Samariterviertel,"02",01.01.2021,310608.043
,,,,,,"-1","0","-1",,,"01200627",Zillesiedlung,"01",01.01.2021,174352.764
,,,,,,"-1","0","-1",,,"05400945",Kafkastraße,"05",01.01.2021,1737233.19
,,,,,,"-1","0","-1",,,"08200729",Britzer Garten,"08",01.01.2021,3152323.401
,,,,,,"-1","0","-1",,,"02200207",Gleisdreieck,"02",01.01.2021,746225.338
,,,,,,"-1","0","-1",,,"12200413",Tegel Süd,"12",01.01.2021,755164.495
,,,,,,"-1","0","-1",,,"04500937",Halensee,"04",01.01.2021,709434.206
,,,,,,"-1","0","-1",,,"03400830",Kissingenviertel,"03",01.01.2021,659319.939
,,,,,,"-1","0","-1",,,"03500936",Komponistenviertel Weißensee,"03",01.01.2021,1119815.235
,,,,,,"-1","0","-1",,,"10200420",Gut Hellersdorf,"10",01.01.2021,768070.915
,,,,,,"-1","0","-1",,,"01200517",Huttenkiez,"01",01.01.2021,2484954.109
,,,,,,"-1","0","-1",,,"04300619",Alt-Lietzow,"04",01.01.2021,536728.534
,,,,,,"-1","0","-1",,,"06100205",Südende,"06",01.01.2021,850866.971
,,,,,,"-1","0","-1",,,"04300624",Savignyplatz,"04",01.01.2021,534638.01
,,,,,,"-1","0","-1",,,"10200419",Havelländer Ring,"10",01.01.2021,203550.57
,,,,,,"-1","0","-1",,,"04200207",Eichkamp,"04",01.01.2021,17440826.47
,,,,,,"-1","0","-1",,,"02200211",Chamissokiez,"02",01.01.2021,977101.699
,,,,,,"-1","0","-1",,,"03601141",Arnimplatz,"03",01.01.2021,286789.929
,,,,,,"-1","0","-1",,,"11401137",Erieseering,"11",01.01.2021,718030.243
,,,,,,"-1","0","-1",,,"10100311",Marzahner Chaussee,"10",01.01.2021,3993423.949
,,,,,,"-1","0","-1",,,"09100306",Späthsfelde,"09",01.01.2021,2722772.522
,,,,,,"-1","0","-1",,,"03400724",Wolfshagener Straße,"03",01.01.2021,770100.486
,,,,,,"-1","0","-1",,,"01200628",Lüneburger Straße,"01",01.01.2021,745610.394
,,,,,,"-1","0","-1",,,"08401241",Blumenviertel,"08",01.01.2021,2120024.309
,,,,,,"-1","0","-1",,,"04400726",Bismarckallee,"04",01.01.2021,1428438.058
,,,,,,"-1","0","-1",,,"12400618",Heiligensee Nord,"12",01.01.2021,3247148.021
,,,,,,"-1","0","-1",,,"11300618",Storkower Bogen,"11",01.01.2021,321189.597
,,,,,,"-1","0","-1",,,"06100102",Schloßstraße,"06",01.01.2021,488811.665
,,,,,,"-1","0","-1",,,"03701660",Bötzowstraße,"03",01.01.2021,570547.019
,,,,,,"-1","0","-1",,,"01400941",Londoner Straße,"01",01.01.2021,450348.205
,,,,,,"-1","0","-1",,,"08100313",Bouchéstraße,"08",01.01.2021,140057.883
,,,,,,"-1","0","-1",,,"01100416",Arkonaplatz,"01",01.01.2021,602000.541
,,,,,,"-1","0","-1",,,"01100313",Heine-Viertel Ost,"01",01.01.2021,718064.233
,,,,,,"-1","0","-1",,,"12400721",Frohnau Ost,"12",01.01.2021,5090010.815
,,,,,,"-1","0","-1",,,"01200519",Emdener Straße,"01",01.01.2021,347156.033
,,,,,,"-1","0","-1",,,"03400721",Florakiez,"03",01.01.2021,794219.102
,,,,,,"-1","0","-1",,,"02200209",Viktoriapark,"02",01.01.2021,693579.377
,,,,,,"-1","0","-1",,,"05400944",Kladower Damm,"05",01.01.2021,4312179.525
,,,,,,"-1","0","-1",,,"02500830",Niederbarnimstraße,"02",01.01.2021,165471.669
,,,,,,"-1","0","-1",,,"07501031",Eisenacher Straße,"07",01.01.2021,1542267.734
,,,,,,"-1","0","-1",,,"08301037",Gropiusstadt Süd-Ost,"08",01.01.2021,437939.506
,,,,,,"-1","0","-1",,,"12601031",Lübarser Straße,"12",01.01.2021,1134119.154
,,,,,,"-1","0","-1",,,"04400728",Hagenplatz,"04",01.01.2021,943658.249
,,,,,,"-1","0","-1",,,"07200307",Bayerischer Platz,"07",01.01.2021,523935.318
,,,,,,"-1","0","-1",,,"09501737",Alt-Friedrichshagen,"09",01.01.2021,11170398.98
,,,,,,"-1","0","-1",,,"10200524",Adele-Sandrock-Straße,"10",01.01.2021,1111320.474
,,,,,,"-1","0","-1",,,"03500932",Bühringstraße,"03",01.01.2021,992545.879
,,,,,,"-1","0","-1",,,"07200413",Cheruskerstraße,"07",01.01.2021,797218.918
,,,,,,"-1","0","-1",,,"02400520",Barnimkiez,"02",01.01.2021,941559.045
,,,,,,"-1","0","-1",,,"02500836",Stralauer Halbinsel,"02",01.01.2021,1116993.913
,,,,,,"-1","0","-1",,,"12500928",Waidmannslust,"12",01.01.2021,1731905.042
,,,,,,"-1","0","-1",,,"05100210",Germersheimer Platz,"05",01.01.2021,544791.04
,,,,,,"-1","0","-1",,,"08401246",Waltersdorfer Chaussee Ost,"08",01.01.2021,2245148.779
,,,,,,"-1","0","-1",,,"03300515",Blankenburger Süden,"03",01.01.2021,1162742.094
,,,,,,"-1","0","-1",,,"04500936",Droysenstraße,"04",01.01.2021,273545.336
,,,,,,"-1","0","-1",,,"02300419",Wrangelkiez,"02",01.01.2021,526704.17
,,,,,,"-1","0","-1",,,"08100208",Körnerpark,"08",01.01.2021,553852.128
,,,,,,"-1","0","-1",,,"07100101",Wittenbergplatz,"07",01.01.2021,621002.31
,,,,,,"-1","0","-1",,,"03500935",Behaimstraße,"03",01.01.2021,439055.07
,,,,,,"-1","0","-1",,,"02200212",Graefekiez Süd,"02",01.01.2021,391146.547
,,,,,,"-1","0","-1",,,"05200524",Döberitzer Weg,"05",01.01.2021,1660861.495
,,,,,,"-1","0","-1",,,"03400826",Tiroler Viertel,"03",01.01.2021,658965.37
,,,,,,"-1","0","-1",,,"01300836",Humboldthain Nordwest,"01",01.01.2021,1441436.944
,,,,,,"-1","0","-1",,,"11100101",Dörfer Malchow-Wartenberg,"11",01.01.2021,8450640.742
,,,,,,"-1","0","-1",,,"10300733",Alt-Biesdorf,"10",01.01.2021,2398113.275
,,,,,,"-1","0","-1",,,"08100419",Treptower Straße Nord,"08",01.01.2021,430615.948
,,,,,,"-1","0","-1",,,"05200633",Graetschelsteig,"05",01.01.2021,491044.917
,,,,,,"-1","0","-1",,,"07601544",John-Locke-Straße,"07",01.01.2021,1123866.856
,,,,,,"-1","0","-1",,,"06200423",Schütte-Lanz-Straße,"06",01.01.2021,1741827.825
,,,,,,"-1","0","-1",,,"06300525",Zehlendorf Süd,"06",01.01.2021,1313473.565
,,,,,,"-1","0","-1",,,"03501037",Rathaus Weißensee,"03",01.01.2021,1745019.881
,,,,,,"-1","0","-1",,,"11401136",Volkradstraße,"11",01.01.2021,797319.282
,,,,,,"-1","0","-1",,,"07501032",Imbrosweg,"07",01.01.2021,1232156.602
,,,,,,"-1","0","-1",,,"09100203",Plänterwald Ost,"09",01.01.2021,2145011.963
,,,,,,"-1","0","-1",,,"05300839",Rohrdamm,"05",01.01.2021,1217866.308
,,,,,,"-1","0","-1",,,"09401432",Siedlung Kämmereiheide,"09",01.01.2021,938669.752
,,,,,,"-1","0","-1",,,"05300735",Haveleck,"05",01.01.2021,1032879.049
,,,,,,"-1","0","-1",,,"12601236",Schorfheidestraße,"12",01.01.2021,578276.162
,,,,,,"-1","0","-1",,,"11300724",Roedeliusplatz,"11",01.01.2021,411272.412
,,,,,,"-1","0","-1",,,"01100414",Nordbahnhof,"01",01.01.2021,373026.685
,,,,,,"-1","0","-1",,,"09300923",Kölner Viertel,"09",01.01.2021,1566611.29
,,,,,,"-1","0","-1",,,"02100101",Askanischer Platz,"02",01.01.2021,710730.18
,,,,,,"-1","0","-1",,,"10400939",Alt-Mahlsdorf,"10",01.01.2021,1898860.343
,,,,,,"-1","0","-1",,,"12400617",Alt-Heiligensee,"12",01.01.2021,5358291.836
,,,,,,"-1","0","-1",,,"08200726",Hufeisensiedlung,"08",01.01.2021,988530.849
,,,,,,"-1","0","-1",,,"07100102",Kalckreuthstraße,"07",01.01.2021,516600.183
,,,,,,"-1","0","-1",,,"02400623",Andreasviertel,"02",01.01.2021,921717.463
,,,,,,"-1","0","-1",,,"05400942",Alt-Gatow,"05",01.01.2021,11509680.04
,,,,,,"-1","0","-1",,,"01100309",Oranienburger Straße,"01",01.01.2021,1011373.746
,,,,,,"-1","0","-1",,,"06200313",Lankwitz Kirche,"06",01.01.2021,698873.673
,,,,,,"-1","0","-1",,,"01300733",Gesundbrunnen,"01",01.01.2021,658286.291
,,,,,,"-1","0","-1",,,"12200307",Reinickes Hof,"12",01.01.2021,532920.494
,,,,,,"-1","0","-1",,,"04200309",Neu Westend,"04",01.01.2021,677508.402
,,,,,,"-1","0","-1",,,"06100204",Munsterdamm,"06",01.01.2021,1115946.77
,,,,,,"-1","0","-1",,,"01400939",Glasgower Straße,"01",01.01.2021,364628.689
,,,,,,"-1","0","-1",,,"05100206",Griesingerstraße,"05",01.01.2021,1938153.127
,,,,,,"-1","0","-1",,,"09301227",Karolinenhof,"09",01.01.2021,2356822.331
,,,,,,"-1","0","-1",,,"06400842",Hüttenweg,"06",01.01.2021,2974967.042
,,,,,,"-1","0","-1",,,"07300515",Taunusstraße,"07",01.01.2021,367064.158
,,,,,,"-1","0","-1",,,"02500834",Revaler Straße,"02",01.01.2021,494573.77
,,,,,,"-1","0","-1",,,"05200634",Börnicker Straße,"05",01.01.2021,3734108.559
,,,,,,"-1","0","-1",,,"09401635",Müggelheim,"09",01.01.2021,22214559.98
,,,,,,"-1","0","-1",,,"03601347",Helmholtzplatz,"03",01.01.2021,297839.94
,,,,,,"-1","0","-1",,,"04300413",Klausenerplatz,"04",01.01.2021,478697.437
,,,,,,"-1","0","-1",,,"06300629",Botanischer Garten,"06",01.01.2021,1416782.425
,,,,,,"-1","0","-1",,,"08401245",Frauenviertel,"08",01.01.2021,471887.705
,,,,,,"-1","0","-1",,,"07300618",Ceciliengärten,"07",01.01.2021,567656.424
,,,,,,"-1","0","-1",,,"05100102",Am Forstacker,"05",01.01.2021,320904.583
,,,,,,"-1","0","-1",,,"09301025",Alt-Bohnsdorf,"09",01.01.2021,5534318.435
,,,,,,"-1","0","-1",,,"09200613",Bahnhof Schöneweide,"09",01.01.2021,1905365.32
,,,,,,"-1","0","-1",,,"03100102",Klinikum Buch,"03",01.01.2021,2732305.923
,,,,,,"-1","0","-1",,,"08100520",Weiße Siedlung,"08",01.01.2021,1120618.029
,,,,,,"-1","0","-1",,,"06300527",Sundgauer Straße,"06",01.01.2021,979984.266
,,,,,,"-1","0","-1",,,"10100104",Golliner Straße,"10",01.01.2021,885234.901
,,,,,,"-1","0","-1",,,"09100202",Plänterwald West,"09",01.01.2021,854058.97
,,,,,,"-1","0","-1",,,"07400824",Bosepark,"07",01.01.2021,636900.462
,,,,,,"-1","0","-1",,,"07400822",Lindenhofsiedlung,"07",01.01.2021,1453428.626
,,,,,,"-1","0","-1",,,"10100207",Ahrensfelder Berge,"10",01.01.2021,1099130.226
,,,,,,"-1","0","-1",,,"09100305",Baumschulenweg Ost,"09",01.01.2021,496802.575
,,,,,,"-1","0","-1",,,"11400930",Zachertstraße,"11",01.01.2021,404076.256
,,,,,,"-1","0","-1",,,"07501133",Fritz-Werner-Straße,"07",01.01.2021,1756161.582
,,,,,,"-1","0","-1",,,"09401431",Allende I,"09",01.01.2021,513546.383
,,,,,,"-1","0","-1",,,"04400834",Binger Straße,"04",01.01.2021,423122.92
,,,,,,"-1","0","-1",,,"06400839",Fischerhüttenstraße,"06",01.01.2021,1832730.063
,,,,,,"-1","0","-1",,,"07400928",Germaniagarten,"07",01.01.2021,660309.401
,,,,,,"-1","0","-1",,,"10200418",Kyritzer Straße,"10",01.01.2021,642564.559
,,,,,,"-1","0","-1",,,"02500727",Forckenbeckplatz,"02",01.01.2021,338013.859
,,,,,,"-1","0","-1",,,"11100206",Wartenberg Nord,"11",01.01.2021,659163.079
,,,,,,"-1","0","-1",,,"03701659",Immanuelkirchstraße,"03",01.01.2021,416209.907
,,,,,,"-1","0","-1",,,"11100203",Falkenberg Ost,"11",01.01.2021,909961.257
,,,,,,"-1","0","-1",,,"11300619",Rudolf-Seiffert-Park,"11",01.01.2021,372623.718
,,,,,,"-1","0","-1",,,"02300417",Reichenberger Straße West,"02",01.01.2021,369691.05
,,,,,,"-1","0","-1",,,"02100103",Am Berlin Museum,"02",01.01.2021,413261.601
,,,,,,"-1","0","-1",,,"09200512",Wuhlheide,"09",01.01.2021,4246764.664
,,,,,,"-1","0","-1",,,"01100415",Invalidenstraße,"01",01.01.2021,780145.036
,,,,,,"-1","0","-1",,,"11400931",Massower Straße,"11",01.01.2021,415395.107
,,,,,,"-1","0","-1",,,"06200420",Lichterfelde Süd,"06",01.01.2021,1370724.921
,,,,,,"-1","0","-1",,,"09300922",Kosmos Viertel,"09",01.01.2021,380869.074
,,,,,,"-1","0","-1",,,"01300834",Brunnenstraße,"01",01.01.2021,774989.435
,,,,,,"-1","0","-1",,,"08100103",Schillerpromenade Süd,"08",01.01.2021,479077.191
,,,,,,"-1","0","-1",,,"07400721",Paradestraße,"07",01.01.2021,4281118.367
,,,,,,"-1","0","-1",,,"04400725",Güterbahnhof Grunewald,"04",01.01.2021,543668.46
,,,,,,"-1","0","-1",,,"05300841",Siemensdamm,"05",01.01.2021,268020.634
,,,,,,"-1","0","-1",,,"07400927",Rathaus Tempelhof,"07",01.01.2021,3059291.42
,,,,,,"-1","0","-1",,,"06200316",Belßstraße,"06",01.01.2021,671760.849
,,,,,,"-1","0","-1",,,"03200205",Uhlandstraße,"03",01.01.2021,2411876.944
,,,,,,"-1","0","-1",,,"11300826",Frankfurter Allee Süd,"11",01.01.2021,1053291.625
,,,,,,"-1","0","-1",,,"04400729",Hundekehle,"04",01.01.2021,3754480.402
,,,,,,"-1","0","-1",,,"05200423",Magistratsweg,"05",01.01.2021,640359.571
,,,,,,"-1","0","-1",,,"02400624",Weberwiese,"02",01.01.2021,564671.677
,,,,,,"-1","0","-1",,,"03701657",Thälmannpark,"03",01.01.2021,441343.324
,,,,,,"-1","0","-1",,,"01300730",Drontheimer Straße,"01",01.01.2021,452951.105
,,,,,,"-1","0","-1",,,"04501153",Babelsberger Straße,"04",01.01.2021,586111.81
,,,,,,"-1","0","-1",,,"08100417",Braunschweiger Straße,"08",01.01.2021,412647.33
,,,,,,"-1","0","-1",,,"04501043",Preußenpark,"04",01.01.2021,625790.463
,,,,,,"-1","0","-1",,,"01200626",Thomasiusstraße,"01",01.01.2021,552841.838
,,,,,,"-1","0","-1",,,"04300517",Tegeler Weg,"04",01.01.2021,519148.696
,,,,,,"-1","0","-1",,,"08200622",Jahnstraße,"08",01.01.2021,667038.153
,,,,,,"-1","0","-1",,,"03601346",Gethsemanekirche,"03",01.01.2021,193537.945
,,,,,,"-1","0","-1",,,"09501940",Güterbahnhof Köpenick,"09",01.01.2021,596173.156
,,,,,,"-1","0","-1",,,"10200628",Neue Grottkauer Straße,"10",01.01.2021,498608.53
,,,,,,"-1","0","-1",,,"02300314",Oranienplatz,"02",01.01.2021,443939.153
,,,,,,"-1","0","-1",,,"08100310",Maybachufer,"08",01.01.2021,254730.185
,,,,,,"-1","0","-1",,,"04300414",Schloßstraße,"04",01.01.2021,562551.123
,,,,,,"-1","0","-1",,,"06400841",Zehlendorf Eiche,"06",01.01.2021,1102137.543
,,,,,,"-1","0","-1",,,"05100105",Amorbacher Weg,"05",01.01.2021,2202574.296
,,,,,,"-1","0","-1",,,"07300619",Grazer Platz,"07",01.01.2021,2573774.394
,,,,,,"-1","0","-1",,,"12200309",Scharnweberstraße,"12",01.01.2021,707704.668
,,,,,,"-1","0","-1",,,"06200312",Komponistenviertel Lankwitz,"06",01.01.2021,1237842.731
,,,,,,"-1","0","-1",,,"09300920",Dorf Altglienicke,"09",01.01.2021,4304670.517
,,,,,,"-1","0","-1",,,"10100208",Bürgerpark,"10",01.01.2021,811083.749
,,,,,,"-1","0","-1",,,"09200510",Helmholtz-Kiez,"09",01.01.2021,2330946.424
,,,,,,"-1","0","-1",,,"11100308",Zingster Straße West,"11",01.01.2021,903489.486
,,,,,,"-1","0","-1",,,"04501045",Schaperstraße,"04",01.01.2021,590815.934
,,,,,,"-1","0","-1",,,"01400940",Schillerpark,"01",01.01.2021,917904.723
,,,,,,"-1","0","-1",,,"06100207",Mittelstraße,"06",01.01.2021,679687.835
,,,,,,"-1","0","-1",,,"03100103",Karower Chaussee,"03",01.01.2021,1875386.595
,,,,,,"-1","0","-1",,,"08100102",Schillerpromenade Nord,"08",01.01.2021,589643.475
,,,,,,"-1","0","-1",,,"01100310",Alexanderplatzviertel,"01",01.01.2021,1365216.178
,,,,,,"-1","0","-1",,,"02500833",Boxhagener Platz,"02",01.01.2021,340147.924
,,,,,,"-1","0","-1",,,"11300723",Bornitzstraße,"11",01.01.2021,497936.967
,,,,,,"-1","0","-1",,,"11501339",Karlshorst West,"11",01.01.2021,994186.449
,,,,,,"-1","0","-1",,,"03300514",Blankenburg,"03",01.01.2021,4719969.861
,,,,,,"-1","0","-1",,,"03601453",Alter Schlachthof,"03",01.01.2021,577288.26
,,,,,,"-1","0","-1",,,"12500930",Wittenau Mitte,"12",01.01.2021,1613716.435
,,,,,,"-1","0","-1",,,"12200310",Klixstraße,"12",01.01.2021,819510.933
,,,,,,"-1","0","-1",,,"04501147",Leon-Jessel-Platz,"04",01.01.2021,248608.958
,,,,,,"-1","0","-1",,,"08200832",Buckow Mitte,"08",01.01.2021,2032572.845
,,,,,,"-1","0","-1",,,"09100304",Baumschulenweg West,"09",01.01.2021,1613826.884
,,,,,,"-1","0","-1",,,"12400616",Konradshöhe/Tegelort,"12",01.01.2021,2336407.792
,,,,,,"-1","0","-1",,,"08100207",Rollberg,"08",01.01.2021,371774.258
,,,,,,"-1","0","-1",,,"10100206",Wuhletalstraße,"10",01.01.2021,845789.678
,,,,,,"-1","0","-1",,,"04500939",Eisenzahnstraße,"04",01.01.2021,757142.69
,,,,,,"-1","0","-1",,,"10200421",Helle Mitte,"10",01.01.2021,163851.514
,,,,,,"-1","0","-1",,,"04200204",Angerburger Allee,"04",01.01.2021,361436.949
,,,,,,"-1","0","-1",,,"07100205",Alvenslebenstraße,"07",01.01.2021,317584.653
,,,,,,"-1","0","-1",,,"07601236",Marienfelder Allee Nordwest,"07",01.01.2021,1147177.253
,,,,,,"-1","0","-1",,,"03601140",Malmöer Straße,"03",01.01.2021,280593.845
,,,,,,"-1","0","-1",,,"03400620",Schönholz,"03",01.01.2021,1909837.667
,,,,,,"-1","0","-1",,,"08401138",Goldhähnchenweg,"08",01.01.2021,133642.042
,,,,,,"-1","0","-1",,,"01100206",Unter den Linden,"01",01.01.2021,1297109.673
,,,,,,"-1","0","-1",,,"03200310",Krugpfuhl,"03",01.01.2021,2267490.053
,,,,,,"-1","0","-1",,,"09200614",Oberspree,"09",01.01.2021,1072394.942
,,,,,,"-1","0","-1",,,"01200629",Hansaviertel,"01",01.01.2021,534709.38
,,,,,,"-1","0","-1",,,"01100308",Charitéviertel,"01",01.01.2021,1682606.662
,,,,,,"-1","0","-1",,,"08200624",Tempelhofer Weg,"08",01.01.2021,1189601.201
,,,,,,"-1","0","-1",,,"05100314",Kurstraße,"05",01.01.2021,475094.232
,,,,,,"-1","0","-1",,,"11200515",Weiße Taube,"11",01.01.2021,1033881.811
,,,,,,"-1","0","-1",,,"04300412",Schlossgarten,"04",01.01.2021,1261028.946
,,,,,,"-1","0","-1",,,"06200418",Landweg,"06",01.01.2021,1105430.596
,,,,,,"-1","0","-1",,,"11401034",Tierpark,"11",01.01.2021,1733231.062
,,,,,,"-1","0","-1",,,"12500825",Borsigwalde,"12",01.01.2021,1849143.867
,,,,,,"-1","0","-1",,,"06300633",Augustaplatz,"06",01.01.2021,1667886.653
,,,,,,"-1","0","-1",,,"01100205",Wilhelmstraße,"01",01.01.2021,634642.165
,,,,,,"-1","0","-1",,,"02100105",Prinzenstraße,"02",01.01.2021,423358.266
,,,,,,"-1","0","-1",,,"08100521",Schulenburgpark,"08",01.01.2021,2197546.314
,,,,,,"-1","0","-1",,,"05300838",Gartenfeld,"05",01.01.2021,934726.135
,,,,,,"-1","0","-1",,,"09401330",Wendenschloß,"09",01.01.2021,964266.27
,,,,,,"-1","0","-1",,,"03200309",Eddastraße,"03",01.01.2021,3067550.203
,,,,,,"-1","0","-1",,,"09100408",Johannisthal Ost,"09",01.01.2021,766677.209
,,,,,,"-1","0","-1",,,"04100101",Jungfernheide/Plötzensee,"04",01.01.2021,5250473.344
,,,,,,"-1","0","-1",,,"03601142",Falkplatz,"03",01.01.2021,907509.179
,,,,,,"-1","0","-1",,,"03400831",Pankower Tor,"03",01.01.2021,534831.009
,,,,,,"-1","0","-1",,,"05100209",Westerwaldstraße,"05",01.01.2021,747050.619
,,,,,,"-1","0","-1",,,"02200213",Graefekiez Nord,"02",01.01.2021,592499.911
,,,,,,"-1","0","-1",,,"03400723",Garbátyplatz,"03",01.01.2021,607995.223
,,,,,,"-1","0","-1",,,"08100418",Hertzbergplatz,"08",01.01.2021,640246.503
,,,,,,"-1","0","-1",,,"10300732",Buckower Ring,"10",01.01.2021,2059672.622
,,,,,,"-1","0","-1",,,"01300731",Koloniestraße,"01",01.01.2021,666927.388
,,,,,,"-1","0","-1",,,"06100103",Markelstraße,"06",01.01.2021,461305.073
,,,,,,"-1","0","-1",,,"02400522",Richard-Sorge-Viertel,"02",01.01.2021,554538.617
,,,,,,"-1","0","-1",,,"11300722",Rathaus Lichtenberg,"11",01.01.2021,889744.454
,,,,,,"-1","0","-1",,,"01200624",Heidestraße,"01",01.01.2021,687993.491
,,,,,,"-1","0","-1",,,"10300731",Oberfeldstraße,"10",01.01.2021,2741494.88
,,,,,,"-1","0","-1",,,"02100106",Wassertorplatz,"02",01.01.2021,388951.28
,,,,,,"-1","0","-1",,,"04200205",Flatowallee,"04",01.01.2021,977771.372
,,,,,,"-1","0","-1",,,"09100409",Landschaftspark Adlershof,"09",01.01.2021,2988017.977
,,,,,,"-1","0","-1",,,"06200317",Lankwitz Süd,"06",01.01.2021,1481592.997
,,,,,,"-1","0","-1",,,"04501146",Barstraße,"04",01.01.2021,668496.932
,,,,,,"-1","0","-1",,,"08100206",Flughafenstraße,"08",01.01.2021,421628.391
,,,,,,"-1","0","-1",,,"03400828",Spiekermann Straße,"03",01.01.2021,364480.397
,,,,,,"-1","0","-1",,,"05100316",Carl-Schurz-Straße,"05",01.01.2021,1377524.418
,,,,,,"-1","0","-1",,,"11401033",Gensinger Straße,"11",01.01.2021,453276.055
,,,,,,"-1","0","-1",,,"11401135",Dolgenseestraße,"11",01.01.2021,699967.556
,,,,,,"-1","0","-1",,,"04501041",George-Grosz-Platz,"04",01.01.2021,464758.366
,,,,,,"-1","0","-1",,,"04300415",Lietzensee,"04",01.01.2021,633131.4
,,,,,,"-1","0","-1",,,"07601238",Marienfelde Nordost,"07",01.01.2021,1985005.113
,,,,,,"-1","0","-1",,,"02400521",Friedenstraße,"02",01.01.2021,731459.521
,,,,,,"-1","0","-1",,,"07300517",Perelsplatz,"07",01.01.2021,636676.693
,,,,,,"-1","0","-1",,,"06200311",Alt-Lankwitz,"06",01.01.2021,993752.851
,,,,,,"-1","0","-1",,,"12100103",Breitkopfbecken,"12",01.01.2021,720518.32
,,,,,,"-1","0","-1",,,"10100313",Alt-Marzahn,"10",01.01.2021,1098916.273
,,,,,,"-1","0","-1",,,"07200411",Julius-Leber-Brücke,"07",01.01.2021,135104.957
,,,,,,"-1","0","-1",,,"04501149",Nikolsburger Platz,"04",01.01.2021,441478.723
,,,,,,"-1","0","-1",,,"03701555",Sredzkistraße,"03",01.01.2021,314592.029
,,,,,,"-1","0","-1",,,"09502043",Dammheide,"09",01.01.2021,4774864.972
,,,,,,"-1","0","-1",,,"05200422",Werkstraße,"05",01.01.2021,1187909.516
,,,,,,"-1","0","-1",,,"04501040",Hindemithplatz,"04",01.01.2021,303195.68
,,,,,,"-1","0","-1",,,"09502042",Mittelheide,"09",01.01.2021,3196164.766
,,,,,,"-1","0","-1",,,"11100204",Falkenberg West,"11",01.01.2021,776048.199
,,,,,,"-1","0","-1",,,"03400827",Trelleborger Viertel,"03",01.01.2021,413274.686
,,,,,,"-1","0","-1",,,"02100102",Mehringplatz,"02",01.01.2021,624461.329
,,,,,,"-1","0","-1",,,"08100105",Silbersteinstraße,"08",01.01.2021,463906.1
,,,,,,"-1","0","-1",,,"07601341",Diedersdorfer Weg,"07",01.01.2021,3913431.257
,,,,,,"-1","0","-1",,,"08200623",Park am Buschkrug,"08",01.01.2021,1179315.735
,,,,,,"-1","0","-1",,,"06200422",Oberhofer Platz,"06",01.01.2021,1367505.195
,,,,,,"-1","0","-1",,,"11400927",Victoriastadt,"11",01.01.2021,374092.568
,,,,,,"-1","0","-1",,,"02500729",Pettenkofer Straße,"02",01.01.2021,322475.261
,,,,,,"-1","0","-1",,,"01200625",Lübecker Straße,"01",01.01.2021,325102.799
,,,,,,"-1","0","-1",,,"09200511",Griechischer Park,"09",01.01.2021,1358629.737
,,,,,,"-1","0","-1",,,"10400940",Elsensee,"10",01.01.2021,3163866.811
,,,,,,"-1","0","-1",,,"12500824",Ziekowstraße/Freie Scholle,"12",01.01.2021,2227998.67
,,,,,,"-1","0","-1",,,"06400737",Nikolassee,"06",01.01.2021,16490237.83
,,,,,,"-1","0","-1",,,"09200715",Wista,"09",01.01.2021,2671176.226
,,,,,,"-1","0","-1",,,"08200728",Ortolanweg,"08",01.01.2021,1186449.651
,,,,,,"-1","0","-1",,,"08401243",Alt-Rudow,"08",01.01.2021,2508146.136
,,,,,,"-1","0","-1",,,"02200208",Rathaus Yorckstraße,"02",01.01.2021,428884.992
,,,,,,"-1","0","-1",,,"08300935",Gropiusstadt Süd-West,"08",01.01.2021,677332.441
,,,,,,"-1","0","-1",,,"08200727",Parchimer Allee Süd,"08",01.01.2021,1156772.864
,,,,,,"-1","0","-1",,,"01401043",Antonstraße,"01",01.01.2021,298918.993
,,,,,,"-1","0","-1",,,"12100206",Humboldtstraße,"12",01.01.2021,759312.269
,,,,,,"-1","0","-1",,,"11300620",Fennpfuhl Ost,"11",01.01.2021,556757.31
,,,,,,"-1","0","-1",,,"01100311",Karl-Marx-Allee,"01",01.01.2021,807957.752
,,,,,,"-1","0","-1",,,"12100101",Letteplatz,"12",01.01.2021,780562.753
,,,,,,"-1","0","-1",,,"04501042",Breitscheidplatz,"04",01.01.2021,603711.632
,,,,,,"-1","0","-1",,,"01100101",Stülerstraße,"01",01.01.2021,366928.828
,,,,,,"-1","0","-1",,,"03300413",Karow Ost,"03",01.01.2021,1864269.616
,,,,,,"-1","0","-1",,,"09200716",Dörpfeldstraße West,"09",01.01.2021,947773.086
,,,,,,"-1","0","-1",,,"08200730",Handwerker-Siedlung,"08",01.01.2021,1376447.005
,,,,,,"-1","0","-1",,,"01401048",Leopoldplatz,"01",01.01.2021,408306.36
,,,,,,"-1","0","-1",,,"03400619",Wilhelmsruh,"03",01.01.2021,2169591.462
,,,,,,"-1","0","-1",,,"12500927",Wittenau Nord,"12",01.01.2021,2494674.422
,,,,,,"-1","0","-1",,,"03200204",Blankenfelde,"03",01.01.2021,13067860.48
,,,,,,"-1","0","-1",,,"10400941",Pilgramer Straße,"10",01.01.2021,3690997.15
,,,,,,"-1","0","-1",,,"08100101",Hasenheide,"08",01.01.2021,866353.168
,,,,,,"-1","0","-1",,,"11300616",Hohenschönhausener Straße,"11",01.01.2021,416963.688
